last_token,count,m,f
jean,117477,116996,481
joseph,51895,51626,269
marie,50889,5003,45886
esther,49688,470,49218
grace,43163,18227,24936
pierre,42834,42663,171
dorcas,41919,455,41464
david,41599,41400,199
moise,41202,41001,201
ruth,40948,350,40598
sarah,39587,361,39226
jonathan,39508,39241,267
emmanuel,39371,39022,349
patrick,39117,38937,180
christian,38045,37712,333
daniel,36938,36711,227
joel,36233,32983,3250
andre,35166,35044,122
rachel,33324,467,32857
justin,32919,32649,270
jacques,30787,30477,310
merveille,30407,4253,26154
jeremie,29558,29387,171
heritier,29535,29388,147
naomie,29399,217,29182
tresor,29082,28887,195
paul,28505,28236,269
michel,28300,28079,221
junior,27863,27704,159
samuel,27349,27186,163
elie,27113,26409,704
josue,26861,26661,200
gloire,26531,22580,3951
deborah,26423,159,26264
francois,26231,25984,247
gracia,25266,6062,19204
divine,24690,211,24479
albert,24219,24092,127
augustin,23522,23363,159
pascal,22855,22710,145
gedeon,21939,21822,117
benedicte,21869,446,21423
rebecca,20974,174,20800
fiston,20967,20889,78
benjamin,20036,19908,128
dieu,20034,19704,330
alain,19807,19721,86
isaac,19719,19615,104
john,19716,19595,121
therese,19038,173,18865
